{
  "test": {
    "ic_mean": 0.062225911781237715,
    "ic_tstat": 4.132641201983249,
    "mse": 0.004397476335229965,
    "n_days": 497,
    "n_rows": 49700,
    "rmse": 0.06631347023968784
  },
  "train": {
    "ic_mean": 0.013244216054692805,
    "ic_tstat": 1.0491768855949153,
    "mse": 0.0022411820132529157,
    "n_days": 1733,
    "n_rows": 10000,
    "rmse": 0.04734112391201666
  },
  "valid": {
    "ic_mean": -0.0208070141325055,
    "ic_tstat": -1.336133129019414,
    "mse": 0.003507837812435566,
    "n_days": 503,
    "n_rows": 50300,
    "rmse": 0.059227002392790114
  }
}